{
  "model": "lightgbm",
  "test_window_start": "2026-02-28",
  "metrics": {
    "roc_auc": 0.7556283664705735,
    "pr_auc": 0.24631412577594075,
    "brier": 0.07886702037873698,
    "log_loss": 0.2767033281475727,
    "f1": 0.2754880694143167,
    "precision": 0.1672152732060566,
    "recall": 0.7815384615384615,
    "precision_at_10pct": 0.28362573099415206,
    "lift_at_10pct": 2.988106162843005,
    "base_reactivation_rate": 0.09491822429906542,
    "threshold": 0.07833622975685214
  }
}